{
  "version": 1,
  "author": "Manoj Sai R",
  "editor": "wokwi",
  "parts": [
    { "type": "board-esp32-devkit-c-v4", "id": "esp", "top": -57.6, "left": -23.96, "attrs": {} },
    {
      "type": "board-ssd1306",
      "id": "oled1",
      "top": -35.26,
      "left": 153.83,
      "attrs": { "i2cAddress": "0x3c" }
    },
    {
      "type": "wokwi-mpu6050",
      "id": "imu1",
      "top": 70.18,
      "left": -150.68,
      "rotate": 270,
      "attrs": {}
    }
  ],
  "connections": [
    [ "esp:TX", "$serialMonitor:RX", "", [] ],
    [ "esp:RX", "$serialMonitor:TX", "", [] ],
    [ "oled1:GND", "esp:GND.2", "black", [ "v-19.2", "h-115.2" ] ],
    [ "oled1:VCC", "esp:3V3", "red", [ "v-76.8", "h-220.65" ] ],
    [ "oled1:SDA", "esp:21", "green", [ "v-38.4", "h57.67", "v163.2", "h-163.2", "v9.6" ] ],
    [
      "oled1:SCL",
      "esp:22",
      "green",
      [ "v-9.6", "h0.3", "v-57.6", "h86.4", "v240", "h-163.2", "v-153.6" ]
    ],
    [ "imu1:VCC", "esp:3V3", "red", [ "h-38.4", "v-96.08" ] ],
    [
      "imu1:GND",
      "esp:GND.1",
      "black",
      [ "h-57.6", "v-0.08", "h0", "v-48", "h134.4", "v0", "h0", "v67.2" ]
    ],
    [ "imu1:SCL", "esp:22", "green", [ "h-48", "v134.32", "h307.2", "v-220.8", "h-28.8" ] ],
    [ "imu1:SDA", "esp:21", "green", [ "h-19.2", "v76.72", "h249.6", "v19.2" ] ]
  ],
  "dependencies": {}
}